[
  {
    "id": "p-1",
    "source": "mock",
    "address": {
      "street": "123 Maple Ave",
      "city": "Springfield",
      "state": "VA"
    },
    "geo": {
      "lat": 38.4245,
      "lng": -77.408
    },
    "price": 395000,
    "beds": 3,
    "baths": 2.5,
    "sqft": 1850,
    "score": {
      "deal_score": 84
    }
  },
  {
    "id": "p-2",
    "source": "mock",
    "address": {
      "street": "7 Oak St",
      "city": "Fairfax",
      "state": "VA"
    },
    "geo": {
      "lat": 38.845,
      "lng": -77.306
    },
    "price": 325000,
    "beds": 2,
    "baths": 1.5,
    "sqft": 1200,
    "score": {
      "deal_score": 72
    }
  }
]